{
    "name": "root",
    "gauges": {
        "MoveToGoal.Policy.Entropy.mean": {
            "value": 0.4866145849227905,
            "min": 0.4866145849227905,
            "max": 0.8834986686706543,
            "count": 4
        },
        "MoveToGoal.Policy.Entropy.sum": {
            "value": 24351.654296875,
            "min": 24351.654296875,
            "max": 44230.59375,
            "count": 4
        },
        "MoveToGoal.Step.mean": {
            "value": 199979.0,
            "min": 49999.0,
            "max": 199979.0,
            "count": 4
        },
        "MoveToGoal.Step.sum": {
            "value": 199979.0,
            "min": 49999.0,
            "max": 199979.0,
            "count": 4
        },
        "MoveToGoal.Policy.ExtrinsicValueEstimate.mean": {
            "value": 198.70498657226562,
            "min": -140.881591796875,
            "max": 232.19256591796875,
            "count": 4
        },
        "MoveToGoal.Policy.ExtrinsicValueEstimate.sum": {
            "value": 157970.46875,
            "min": -111437.34375,
            "max": 183432.125,
            "count": 4
        },
        "MoveToGoal.Environment.EpisodeLength.mean": {
            "value": 2089.4583333333335,
            "min": 1880.576923076923,
            "max": 2343.0,
            "count": 4
        },
        "MoveToGoal.Environment.EpisodeLength.sum": {
            "value": 50147.0,
            "min": 48895.0,
            "max": 50147.0,
            "count": 4
        },
        "MoveToGoal.Environment.CumulativeReward.mean": {
            "value": 1583.4583333333333,
            "min": 1583.4583333333333,
            "max": 7278.238095238095,
            "count": 4
        },
        "MoveToGoal.Environment.CumulativeReward.sum": {
            "value": 38003.0,
            "min": 38003.0,
            "max": 183715.0,
            "count": 4
        },
        "MoveToGoal.Policy.ExtrinsicReward.mean": {
            "value": 1583.4583333333333,
            "min": 1583.4583333333333,
            "max": 7278.238095238095,
            "count": 4
        },
        "MoveToGoal.Policy.ExtrinsicReward.sum": {
            "value": 38003.0,
            "min": 38003.0,
            "max": 183715.0,
            "count": 4
        },
        "MoveToGoal.Losses.PolicyLoss.mean": {
            "value": 0.02530424170875146,
            "min": 0.024920490720954456,
            "max": 0.034828872646176026,
            "count": 4
        },
        "MoveToGoal.Losses.PolicyLoss.sum": {
            "value": 0.12652120854375729,
            "min": 0.12460245360477228,
            "max": 0.1393154905847041,
            "count": 4
        },
        "MoveToGoal.Losses.ValueLoss.mean": {
            "value": 1213.5171134440104,
            "min": 870.4744510904948,
            "max": 1286.7757198079428,
            "count": 4
        },
        "MoveToGoal.Losses.ValueLoss.sum": {
            "value": 6067.585567220052,
            "min": 4352.372255452474,
            "max": 6433.878599039714,
            "count": 4
        },
        "MoveToGoal.Policy.LearningRate.mean": {
            "value": 0.00019529067490311997,
            "min": 0.00019529067490311997,
            "max": 0.00028461390512870004,
            "count": 4
        },
        "MoveToGoal.Policy.LearningRate.sum": {
            "value": 0.0009764533745155999,
            "min": 0.0009764533745155999,
            "max": 0.0012845274718242,
            "count": 4
        },
        "MoveToGoal.Policy.Epsilon.mean": {
            "value": 0.16509687999999997,
            "min": 0.16509687999999997,
            "max": 0.19487130000000003,
            "count": 4
        },
        "MoveToGoal.Policy.Epsilon.sum": {
            "value": 0.8254843999999999,
            "min": 0.7794852000000001,
            "max": 0.9281758000000001,
            "count": 4
        },
        "MoveToGoal.Policy.Beta.mean": {
            "value": 0.0032583343120000004,
            "min": 0.0032583343120000004,
            "max": 0.004744077869999999,
            "count": 4
        },
        "MoveToGoal.Policy.Beta.sum": {
            "value": 0.016291671560000002,
            "min": 0.016291671560000002,
            "max": 0.021415972420000002,
            "count": 4
        },
        "MoveToGoal.IsTraining.mean": {
            "value": 1.0,
            "min": 1.0,
            "max": 1.0,
            "count": 4
        },
        "MoveToGoal.IsTraining.sum": {
            "value": 1.0,
            "min": 1.0,
            "max": 1.0,
            "count": 4
        }
    },
    "metadata": {
        "timer_format_version": "0.1.0",
        "start_time_seconds": "1701579573",
        "python_version": "3.8.10 (tags/v3.8.10:3d8993a, May  3 2021, 11:48:03) [MSC v.1928 64 bit (AMD64)]",
        "command_line_arguments": "D:\\UTRGV\\Semesters\\Fall - 2023\\Topic in CS - Reinforcement Learning\\Project\\Project\\unity-3d-boat-main\\venv\\Scripts\\mlagents-learn --time-scale=5 --run-id=ppo3 --force",
        "mlagents_version": "0.29.0",
        "mlagents_envs_version": "0.29.0",
        "communication_protocol_version": "1.5.0",
        "pytorch_version": "2.0.1+cpu",
        "numpy_version": "1.20.0",
        "end_time_seconds": "1701643842"
    },
    "total": 64268.1511082,
    "count": 1,
    "self": 0.007920800002466422,
    "children": {
        "run_training.setup": {
            "total": 0.1509210000000003,
            "count": 1,
            "self": 0.1509210000000003
        },
        "TrainerController.start_learning": {
            "total": 64267.9922664,
            "count": 1,
            "self": 5.78845629915304,
            "children": {
                "TrainerController._reset_env": {
                    "total": 29.7206065,
                    "count": 1,
                    "self": 29.7206065
                },
                "TrainerController.advance": {
                    "total": 64231.932521700845,
                    "count": 216201,
                    "self": 5.441787601725082,
                    "children": {
                        "env_step": {
                            "total": 64107.370112298384,
                            "count": 216201,
                            "self": 63617.76336329915,
                            "children": {
                                "SubprocessEnvManager._take_step": {
                                    "total": 485.9240985987585,
                                    "count": 216201,
                                    "self": 15.813864898468012,
                                    "children": {
                                        "TorchPolicy.evaluate": {
                                            "total": 470.1102337002905,
                                            "count": 216201,
                                            "self": 92.86530370030295,
                                            "children": {
                                                "TorchPolicy.sample_actions": {
                                                    "total": 377.24492999998756,
                                                    "count": 216201,
                                                    "self": 377.24492999998756
                                                }
                                            }
                                        }
                                    }
                                },
                                "workers": {
                                    "total": 3.6826504004794884,
                                    "count": 216200,
                                    "self": 0.0,
                                    "children": {
                                        "worker_root": {
                                            "total": 64158.91936130026,
                                            "count": 216200,
                                            "is_parallel": true,